{
  "project_info": {
    "project_number": "599971137110",
    "project_id": "hayyak-c8f08",
    "storage_bucket": "hayyak-c8f08.appspot.com"
  },
  "client": [
    {
      "client_info": {
        "mobilesdk_app_id": "1:599971137110:android:49287a693798e54f791df7",
        "android_client_info": {
          "package_name": "sa.com.hayyak.app"
        }
      },
      "oauth_client": [
        {
          "client_id": "599971137110-hpt316da8qc4u0eom20g0oa3dccbbfbq.apps.googleusercontent.com",
          "client_type": 3
        }
      ],
      "api_key": [
        {
          "current_key": "AIzaSyDg7V0hsSbmfuYmswNpemC6i5XLMG07TgQ"
        }
      ],
      "services": {
        "appinvite_service": {
          "other_platform_oauth_client": [
            {
              "client_id": "599971137110-hpt316da8qc4u0eom20g0oa3dccbbfbq.apps.googleusercontent.com",
              "client_type": 3
            },
            {
              "client_id": "599971137110-5gvka00pmpla9tolm29td5uct2flf55h.apps.googleusercontent.com",
              "client_type": 2,
              "ios_info": {
                "bundle_id": "com.hayyak.mobile"
              }
            }
          ]
        }
      }
    }
  ],
  "configuration_version": "1"
}